Property, Enumeration, Iterator, ListIterator
Where we can apply, Only for Legacy classes, For any collection object, for only List objects
Introduced in, Legacy, 1.2v, 1.2v
Movement, single direction, single direction, Bi-directional
allowed operations, only read, read and remove, read remove add replace
how we can get it, elements() for vector class, iterator for collection, listIterator for List Objects
methods, hasMoreElements nextElement, hasNext next remove, hasnext next remove add set hasPrevious previous previousIndex