{
  "$schema": "http://json-schema.org/draft-07/schema#",
  "type": "array",
  "items": {
    "type": "object",
    "properties": {
      "id": {
        "type": "string"
      },
      "name": {
        "type": "string"
      },
      "data": {
        "type": ["object", "null"],
        "properties": {
          "color": {
            "type": "string"
          },
          "capacity": {
            "type": "string"
          }
        }
      }
    },
    "required": ["id", "name"],
    "additionalProperties": false
  }
}